{"cameraMode":{"drawMode":0,"name":"Shaded","section":"Shading Mode"},"sceneLighting":true,"audioPlay":false,"sceneViewState":{"showFog":true,"showMaterialUpdate":false,"showSkybox":true,"showFlares":true,"showImageEffects":true,"showParticleSystems":true},"in2DMode":false,"pivot":{"x":0.3279082775115967,"y":5.033008575439453,"z":-4.764413833618164},"rotation":{"x":-0.21959200501441956,"y":0.17939044535160066,"z":-0.041116561740636829,"w":-0.9580749869346619},"size":10.0,"orthographic":false}