{"cameraMode":{"drawMode":0,"name":"Shaded","section":"Shading Mode"},"sceneLighting":false,"audioPlay":false,"sceneViewState":{"showFog":true,"showMaterialUpdate":true,"showSkybox":false,"showFlares":true,"showImageEffects":true,"showParticleSystems":true},"in2DMode":false,"pivot":{"x":2.3439998626708986,"y":1.3140000104904175,"z":-0.07899999618530274},"rotation":{"x":-0.01608900912106037,"y":0.2216140180826187,"z":0.0036568287760019304,"w":0.9749959707260132},"size":9.42235279083252,"orthographic":false}