{"cameraMode":{"drawMode":0,"name":"Shaded","section":"Shading Mode"},"sceneLighting":true,"audioPlay":false,"sceneViewState":{"showFog":true,"showMaterialUpdate":false,"showSkybox":true,"showFlares":true,"showImageEffects":true,"showParticleSystems":true},"in2DMode":false,"pivot":{"x":0.42750582098960879,"y":0.2074722796678543,"z":0.4876071810722351},"rotation":{"x":-0.1361205130815506,"y":0.061477676033973697,"z":-0.008464240469038487,"w":-0.9887508153915405},"size":2.1333086490631105,"orthographic":false}