{"cameraMode":{"drawMode":0,"name":"Shaded","section":"Shading Mode"},"sceneLighting":true,"audioPlay":false,"sceneViewState":{"showFog":true,"showMaterialUpdate":true,"showSkybox":true,"showFlares":true,"showImageEffects":true,"showParticleSystems":true},"in2DMode":false,"pivot":{"x":0.09950006008148194,"y":-0.06280004978179932,"z":4.322999954223633},"rotation":{"x":0.03747263550758362,"y":-0.031472623348236087,"z":0.0011807818664237857,"w":0.9988019466400147},"size":7.000358581542969,"orthographic":false}